,,,,,,,,,,,,,,,,,,,,,,,,,,,,,,,,,,,,,,,,,,,,,
LAEI Emissions – CO2 Summary by Zone (tonnes/year),,,,,,,,,,LAEI Emissions – CO2 Summary by Borough (tonnes/year),,,,,,,,,,,,,,,,,,,,,,,,,,,,,,,,,,,
,,,,,,,,,,,,,,,,,,,,,,,,,,,,,,,,,,,,,,,,,,,,,
Year,2019,,,,,,,,,,,,,,,,,,,,,,,,,,,,,,,,,,,,,,,,,,,,
,,,,,,,,,,Year,2019,,,,,,,,,,,,,,,,,,,,,,,,,,,,,,,,,,
CO2 Emissions (tonnes/annum),Zone,,,,,,,,,,,,,,,,,,,,,,,,,,,,,,,,,,,,,,,,,,,,
,GLA,,,GLA Total,Non GLA,LAEI (Grand Total),,,,CO2 Emissions (tonnes/annum),Borough,,,,,,,,,,,,,,,,,,,,,,,,,,,,,,,,,,
Source,Central,Inner,Outer,,,,,,,Row Labels,Barking and Dagenham,Barnet,Bexley,Brent,Bromley,Camden,City,City of Westminster,Croydon,Ealing,Enfield,Greenwich,Hackney,Hammersmith and Fulham,Haringey,Harrow,Havering,Hillingdon,Hounslow,Islington,Kensington and Chelsea,Kingston,Lambeth,Lewisham,Merton,Newham,Redbridge,Richmond,Southwark,Sutton,Tower Hamlets,Waltham Forest,Wandsworth,Non GLA,Grand Total
Domestic," 138,252 "," 3,096,126 "," 5,309,987 "," 8,544,366 "," 1,321,473 "," 9,865,839 ",,,,Domestic," 162,987 "," 461,163 "," 259,679 "," 324,437 "," 430,992 "," 200,753 "," 6,514 "," 204,783 "," 436,441 "," 354,491 "," 331,024 "," 241,628 "," 206,690 "," 185,641 "," 265,358 "," 301,646 "," 286,844 "," 308,725 "," 250,827 "," 189,793 "," 183,748 "," 188,125 "," 294,221 "," 282,429 "," 228,355 "," 232,516 "," 306,851 "," 250,547 "," 221,274 "," 219,691 "," 148,883 "," 254,689 "," 321,343 "," 1,322,752 "," 9,865,839 "
Biomass,,,,,,,,,,Biomass,,,,,,,,,,,,,,,,,,,,,,,,,,,,,,,,,,,
Wood Burning,,,,,,,,,,Wood Burning,,,,,,,,,,,,,,,,,,,,,,,,,,,,,,,,,,,
Heat and Power Generation," 138,249 "," 3,095,668 "," 5,304,732 "," 8,538,650 "," 1,318,812 "," 9,857,462 ",,,,Heat and Power Generation," 162,913 "," 460,632 "," 259,377 "," 324,245 "," 430,337 "," 200,727 "," 6,514 "," 204,774 "," 435,988 "," 354,284 "," 330,703 "," 241,477 "," 206,682 "," 185,634 "," 265,307 "," 301,289 "," 286,418 "," 308,221 "," 250,631 "," 189,788 "," 183,742 "," 187,937 "," 294,187 "," 282,338 "," 228,231 "," 232,495 "," 306,665 "," 250,383 "," 221,238 "," 219,432 "," 148,877 "," 254,613 "," 321,291 "," 1,320,091 "," 9,857,462 "
Gas Combustion," 135,326 "," 3,061,667 "," 5,243,775 "," 8,440,767 "," 1,289,653 "," 9,730,420 ",,,,Gas Combustion," 160,321 "," 456,661 "," 255,615 "," 321,608 "," 424,707 "," 197,864 "," 6,426 "," 201,303 "," 431,081 "," 350,556 "," 326,604 "," 238,410 "," 205,175 "," 183,978 "," 263,080 "," 298,522 "," 282,167 "," 303,957 "," 247,205 "," 188,447 "," 181,246 "," 186,018 "," 291,344 "," 279,274 "," 225,245 "," 229,929 "," 303,435 "," 247,334 "," 218,086 "," 216,782 "," 147,217 "," 251,670 "," 318,281 "," 1,290,874 "," 9,730,420 "
Oil/Coal Combustion," 2,923 "," 34,002 "," 60,958 "," 97,882 "," 29,160 "," 127,042 ",,,,Oil/Coal Combustion," 2,592 "," 3,971 "," 3,762 "," 2,638 "," 5,630 "," 2,862 ", 87 ," 3,471 "," 4,907 "," 3,728 "," 4,099 "," 3,067 "," 1,508 "," 1,656 "," 2,227 "," 2,767 "," 4,252 "," 4,264 "," 3,426 "," 1,341 "," 2,496 "," 1,919 "," 2,844 "," 3,064 "," 2,986 "," 2,566 "," 3,230 "," 3,049 "," 3,151 "," 2,650 "," 1,661 "," 2,942 "," 3,010 "," 29,216 "," 127,042 "
Machinery, 3 , 458 ," 5,255 "," 5,716 "," 2,661 "," 8,377 ",,,,Machinery, 74 , 530 , 301 , 191 , 655 , 26 , 0 , 9 , 453 , 208 , 321 , 151 , 8 , 6 , 51 , 357 , 425 , 504 , 196 , 5 , 5 , 188 , 34 , 90 , 124 , 21 , 186 , 164 , 36 , 260 , 6 , 76 , 52 ," 2,661 "," 8,377 "
Household and Garden NRMM, 3 , 458 ," 5,255 "," 5,716 "," 2,661 "," 8,377 ",,,,Household and Garden NRMM, 74 , 530 , 301 , 191 , 655 , 26 , 0 , 9 , 453 , 208 , 321 , 151 , 8 , 6 , 51 , 357 , 425 , 504 , 196 , 5 , 5 , 188 , 34 , 90 , 124 , 21 , 186 , 164 , 36 , 260 , 6 , 76 , 52 ," 2,661 "," 8,377 "
Industrial and Commercial," 855,195 "," 2,588,057 "," 3,914,494 "," 7,357,746 "," 899,024 "," 8,256,770 ",,,,Industrial and Commercial," 95,773 "," 139,814 "," 954,142 "," 159,858 "," 104,923 "," 363,780 "," 172,548 "," 589,873 "," 126,288 "," 188,446 "," 919,045 "," 140,424 "," 96,384 "," 134,077 "," 82,990 "," 61,807 "," 72,248 "," 301,987 "," 139,056 "," 151,215 "," 182,631 "," 63,757 "," 165,360 "," 448,724 "," 76,977 "," 298,412 "," 66,526 "," 70,920 "," 222,988 "," 332,535 "," 216,886 "," 75,612 "," 140,674 "," 900,089 "," 8,256,770 "
Heat and Power Generation," 797,231 "," 1,906,570 "," 1,751,761 "," 4,455,562 "," 533,207 "," 4,988,769 ",,,,Heat and Power Generation," 67,850 "," 123,616 "," 95,509 "," 143,320 "," 95,944 "," 328,575 "," 166,195 "," 543,932 "," 102,213 "," 165,221 "," 133,372 "," 122,168 "," 81,186 "," 122,025 "," 74,846 "," 53,001 "," 65,932 "," 271,614 "," 127,495 "," 141,166 "," 172,764 "," 56,968 "," 148,964 "," 79,217 "," 67,345 "," 138,043 "," 59,915 "," 63,769 "," 206,361 "," 60,740 "," 191,003 "," 67,955 "," 116,281 "," 534,266 "," 4,988,769 "
Gas Combustion," 759,834 "," 1,713,651 "," 1,356,157 "," 3,829,642 "," 397,626 "," 4,227,267 ",,,,Gas Combustion," 40,768 "," 107,695 "," 67,341 "," 119,405 "," 74,407 "," 309,432 "," 152,019 "," 487,452 "," 92,711 "," 136,959 "," 113,796 "," 102,257 "," 73,994 "," 111,770 "," 67,488 "," 46,804 "," 48,704 "," 135,019 "," 113,652 "," 133,722 "," 170,231 "," 48,188 "," 144,597 "," 76,251 "," 58,849 "," 102,460 "," 50,658 "," 56,412 "," 197,246 "," 51,923 "," 168,235 "," 57,985 "," 110,359 "," 398,478 "," 4,227,267 "
Oil/Coal Combustion," 37,398 "," 192,919 "," 395,604 "," 625,921 "," 135,581 "," 761,501 ",,,,Oil/Coal Combustion," 27,082 "," 15,922 "," 28,168 "," 23,915 "," 21,537 "," 19,143 "," 14,176 "," 56,480 "," 9,502 "," 28,261 "," 19,576 "," 19,911 "," 7,191 "," 10,254 "," 7,359 "," 6,198 "," 17,228 "," 136,595 "," 13,843 "," 7,444 "," 2,533 "," 8,779 "," 4,367 "," 2,966 "," 8,496 "," 35,583 "," 9,257 "," 7,357 "," 9,115 "," 8,817 "," 22,768 "," 9,969 "," 5,922 "," 135,788 "," 761,501 "
Commercial Cooking,,,,,,,,,,Commercial Cooking,,,,,,,,,,,,,,,,,,,,,,,,,,,,,,,,,,,
Commercial Cooking,,,,,,,,,,Commercial Cooking,,,,,,,,,,,,,,,,,,,,,,,,,,,,,,,,,,,
Construction," 55,568 "," 196,744 "," 166,808 "," 419,119 ", 199 ," 419,319 ",,,,Construction," 2,934 "," 15,654 "," 6,825 "," 13,377 "," 8,590 "," 34,339 "," 5,647 "," 44,580 "," 21,940 "," 20,787 "," 3,774 "," 7,811 "," 14,776 "," 11,782 "," 7,669 "," 8,542 "," 5,856 "," 16,359 "," 10,930 "," 9,658 "," 9,545 "," 6,489 "," 16,200 "," 7,702 "," 9,250 "," 10,773 "," 6,291 "," 6,921 "," 16,221 "," 5,464 "," 21,284 "," 7,090 "," 24,062 ", 199 ," 419,319 "
Construction / Demolition Dust,,,,,,,,,,Construction / Demolition Dust,,,,,,,,,,,,,,,,,,,,,,,,,,,,,,,,,,,
NRMM Exhaust," 55,568 "," 196,744 "," 166,808 "," 419,119 ", 199 ," 419,319 ",,,,NRMM Exhaust," 2,934 "," 15,654 "," 6,825 "," 13,377 "," 8,590 "," 34,339 "," 5,647 "," 44,580 "," 21,940 "," 20,787 "," 3,774 "," 7,811 "," 14,776 "," 11,782 "," 7,669 "," 8,542 "," 5,856 "," 16,359 "," 10,930 "," 9,658 "," 9,545 "," 6,489 "," 16,200 "," 7,702 "," 9,250 "," 10,773 "," 6,291 "," 6,921 "," 16,221 "," 5,464 "," 21,284 "," 7,090 "," 24,062 ", 199 ," 419,319 "
Gas Leakage, 47 , 186 , 343 , 576 , 102 , 678 ,,,,Gas Leakage, 11 , 26 , 13 , 23 , 25 , 17 , 9 , 37 , 21 , 26 , 12 , 13 , 11 , 15 , 12 , 21 , 26 , 42 , 22 , 15 , 13 , 9 , 13 , 12 , 11 , 13 , 17 , 23 , 14 , 11 , 13 , 13 , 16 , 103 , 678 
Natural Gas Leakage, 47 , 186 , 343 , 576 , 102 , 678 ,,,,Natural Gas Leakage, 11 , 26 , 13 , 23 , 25 , 17 , 9 , 37 , 21 , 26 , 12 , 13 , 11 , 15 , 12 , 21 , 26 , 42 , 22 , 15 , 13 , 9 , 13 , 12 , 11 , 13 , 17 , 23 , 14 , 11 , 13 , 13 , 16 , 103 , 678 
Industrial Processes," 2,348 "," 484,557 "," 1,995,583 "," 2,482,488 "," 365,516 "," 2,848,004 ",,,,Industrial Processes," 24,978 ", 518 ," 851,795 "," 3,139 ", 364 , 848 , 697 ," 1,324 "," 2,114 "," 2,412 "," 781,887 "," 10,432 ", 411 , 255 , 463 , 243 , 434 ," 13,973 ", 609 , 376 , 308 , 291 , 183 ," 361,793 ", 371 ," 149,584 ", 304 , 209 , 392 ," 266,320 "," 4,586 ", 555 , 315 ," 365,521 "," 2,848,004 "
NRMM Exhaust," 2,045 "," 6,728 "," 6,551 "," 15,324 "," 3,461 "," 18,786 ",,,,NRMM Exhaust, 285 , 518 , 426 , 868 , 364 , 848 , 394 ," 1,324 ", 221 , 958 , 774 , 519 , 385 , 242 , 463 , 190 , 379 , 764 , 609 , 376 , 282 , 212 , 183 , 128 , 357 , 480 , 278 , 209 , 379 , 239 , 837 , 555 , 275 ," 3,466 "," 18,786 "
Part A1, 303 ," 471,037 "," 1,955,043 "," 2,426,383 "," 362,055 "," 2,788,438 ",,,,Part A1," 13,939 ", -   ," 843,314 "," 2,245 ", -   , -   , 303 , -   ," 1,801 "," 1,454 "," 781,113 "," 3,200 ", -   , -   , -   , -   , 29 ," 1,071 ", -   , -   , -   , -   , -   ," 361,665 ", -   ," 149,104 ", -   , -   , -   ," 263,396 "," 3,749 ", -   , -   ," 362,055 "," 2,788,438 "
Part A2 / B, -   ," 6,792 "," 33,989 "," 40,781 ", -   ," 40,781 ",,,,Part A2 / B," 10,755 ", -   ," 8,055 ", 26 , -   , -   , -   , -   , 92 , -   , -   ," 6,713 ", 26 , 13 , -   , 53 , 26 ," 12,137 ", -   , -   , 26 , 79 , -   , -   , 14 , -   , 26 , -   , 13 ," 2,685 ", -   , -   , 40 , -   ," 40,781 "
Waste,,,,,,,,,,Waste,,,,,,,,,,,,,,,,,,,,,,,,,,,,,,,,,,,
Landfill,,,,,,,,,,Landfill,,,,,,,,,,,,,,,,,,,,,,,,,,,,,,,,,,,
Small Scale Waste Burning,,,,,,,,,,Small Scale Waste Burning,,,,,,,,,,,,,,,,,,,,,,,,,,,,,,,,,,,
STW,,,,,,,,,,STW,,,,,,,,,,,,,,,,,,,,,,,,,,,,,,,,,,,
WTS,,,,,,,,,,WTS,,,,,,,,,,,,,,,,,,,,,,,,,,,,,,,,,,,
Miscellaneous, 0 , 205 ," 3,052 "," 3,258 "," 4,207 "," 7,464 ",,,,Miscellaneous, 54 , 205 , 106 , 41 , 562 , 11 , -   , 12 , 161 , 93 , 236 , 68 , 13 , 8 , 23 , 87 , 474 , 346 , 119 , 1 , 2 , 71 , 10 , 24 , 58 , 15 , 136 , 165 , 19 , 75 , 4 , 33 , 23 ," 4,209 "," 7,464 "
Accidental Fires,,,,,,,,,,Accidental Fires,,,,,,,,,,,,,,,,,,,,,,,,,,,,,,,,,,,
Accidental Fires,,,,,,,,,,Accidental Fires,,,,,,,,,,,,,,,,,,,,,,,,,,,,,,,,,,,
Agriculture, 0 , 205 ," 3,052 "," 3,258 "," 4,207 "," 7,464 ",,,,Agriculture, 54 , 205 , 106 , 41 , 562 , 11 , -   , 12 , 161 , 93 , 236 , 68 , 13 , 8 , 23 , 87 , 474 , 346 , 119 , 1 , 2 , 71 , 10 , 24 , 58 , 15 , 136 , 165 , 19 , 75 , 4 , 33 , 23 ," 4,209 "," 7,464 "
Agriculture, 0 , 205 ," 3,052 "," 3,258 "," 4,207 "," 7,464 ",,,,Agriculture, 54 , 205 , 106 , 41 , 562 , 11 , -   , 12 , 161 , 93 , 236 , 68 , 13 , 8 , 23 , 87 , 474 , 346 , 119 , 1 , 2 , 71 , 10 , 24 , 58 , 15 , 136 , 165 , 19 , 75 , 4 , 33 , 23 ," 4,209 "," 7,464 "
Forestry, -   , -   , -   , -   , -   , -   ,,,,Forestry, -   , -   , -   , -   , -   , -   , -   , -   , -   , -   , -   , -   , -   , -   , -   , -   , -   , -   , -   , -   , -   , -   , -   , -   , -   , -   , -   , -   , -   , -   , -   , -   , -   , -   , -   
Forestry, -   , -   , -   , -   , -   , -   ,,,,Forestry, -   , -   , -   , -   , -   , -   , -   , -   , -   , -   , -   , -   , -   , -   , -   , -   , -   , -   , -   , -   , -   , -   , -   , -   , -   , -   , -   , -   , -   , -   , -   , -   , -   , -   , -   
Resuspension,,,,,,,,,,Resuspension,,,,,,,,,,,,,,,,,,,,,,,,,,,,,,,,,,,
Resuspension,,,,,,,,,,Resuspension,,,,,,,,,,,,,,,,,,,,,,,,,,,,,,,,,,,
Resuspension,,,,,,,,,,Resuspension,,,,,,,,,,,,,,,,,,,,,,,,,,,,,,,,,,,
Transport," 201,110 "," 2,253,259 "," 5,160,335 "," 7,614,705 "," 3,319,566 "," 10,934,271 ",,,,Transport," 144,188 "," 395,413 "," 221,998 "," 212,327 "," 267,691 "," 149,559 "," 43,240 "," 225,653 "," 242,570 "," 279,604 "," 406,746 "," 244,063 "," 116,050 "," 122,658 "," 131,920 "," 148,389 "," 411,195 "," 1,207,952 "," 409,398 "," 92,947 "," 115,821 "," 142,869 "," 157,786 "," 146,834 "," 138,217 "," 229,551 "," 243,943 "," 181,575 "," 152,158 "," 109,730 "," 179,440 "," 169,136 "," 173,049 "," 3,320,602 "," 10,934,271 "
Aviation, 541 ," 78,415 "," 949,242 "," 1,028,198 "," 38,039 "," 1,066,237 ",,,,Aviation, -   , 120 ," 5,781 ", 194 ," 2,479 ", -   , 311 , -   , 95 , -   , 272 ," 4,832 ", -   ," 9,275 ", -   , 190 ," 1,144 "," 794,650 "," 114,952 ", -   , -   , -   , -   , -   , -   ," 37,119 ", 500 ," 41,492 "," 1,122 ", 22 ," 8,142 ", 402 ," 5,098 "," 38,045 "," 1,066,237 "
Aviation, 541 ," 78,415 "," 949,242 "," 1,028,198 "," 38,039 "," 1,066,237 ",,,,Aviation, -   , 120 ," 5,781 ", 194 ," 2,479 ", -   , 311 , -   , 95 , -   , 272 ," 4,832 ", -   ," 9,275 ", -   , 190 ," 1,144 "," 794,650 "," 114,952 ", -   , -   , -   , -   , -   , -   ," 37,119 ", 500 ," 41,492 "," 1,122 ", 22 ," 8,142 ", 402 ," 5,098 "," 38,045 "," 1,066,237 "
Rail, 354 ," 47,807 "," 53,661 "," 101,823 "," 27,361 "," 129,184 ",,,,Rail," 2,445 "," 11,828 "," 1,333 "," 15,846 "," 1,523 "," 14,136 ", 4 ," 2,097 "," 3,671 "," 6,323 "," 1,417 ", 799 ," 1,105 "," 2,201 "," 3,549 "," 5,777 "," 1,986 "," 8,344 ", 583 ," 2,708 ", 569 , 635 ," 1,597 "," 2,696 ", 780 ," 1,943 ", 753 , 292 ," 1,330 ", 40 , 25 ," 1,022 "," 2,466 "," 27,361 "," 129,184 "
Freight, 33 ," 19,496 "," 19,069 "," 38,597 "," 6,944 "," 45,541 ",,,,Freight," 2,445 ", 867 ," 1,333 "," 4,014 "," 1,146 "," 3,011 ", 4 , 50 , 893 ," 3,516 ", 770 , 799 ," 1,105 "," 1,431 "," 1,220 "," 1,525 "," 1,986 "," 1,606 ", 578 ," 1,378 ", 243 , 68 ," 1,133 "," 1,308 ", 152 ," 1,943 ", 753 , 285 , 641 , 40 , 25 ," 1,022 "," 1,304 "," 6,944 "," 45,541 "
Passengers, 322 ," 28,312 "," 34,593 "," 63,226 "," 20,416 "," 83,642 ",,,,Passengers, -   ," 10,960 ", -   ," 11,832 ", 377 ," 11,125 ", -   ," 2,047 "," 2,778 "," 2,807 ", 646 , -   , -   , 770 ," 2,329 "," 4,251 ", -   ," 6,738 ", 5 ," 1,330 ", 327 , 566 , 464 ," 1,387 ", 628 , -   , -   , 6 , 689 , -   , -   , -   ," 1,162 "," 20,416 "," 83,642 "
River," 12,894 "," 20,750 "," 11,855 "," 45,500 "," 23,816 "," 69,316 ",,,,River," 5,014 ", -   ," 2,763 ", 25 , -   , 19 ," 5,220 "," 4,309 ", -   , 83 , 96 ," 4,173 ", 48 , 39 , 40 , -   ," 1,285 ", 85 , 36 , 16 , 32 , 52 , 27 , 717 , -   ," 5,274 ", -   , 223 ," 4,886 ", -   ," 10,975 ", 26 , 26 ," 23,826 "," 69,316 "
Commercial Shipping," 2,447 "," 9,824 "," 10,898 "," 23,168 "," 23,143 "," 46,312 ",,,,Commercial Shipping," 4,980 ", -   ," 2,724 ", -   , -   , -   , 443 ," 1,143 ", -   , -   , -   ," 3,195 ", -   , 5 , -   , -   ," 1,259 ", -   , -   , -   , 10 , -   , 5 , 229 , -   ," 4,080 ", -   , -   ," 1,654 ", -   ," 3,435 ", -   , 7 ," 23,143 "," 46,312 "
Passenger Shipping," 10,421 "," 10,444 ", 317 ," 21,182 ", 11 ," 21,193 ",,,,Passenger Shipping, 16 , -   , 10 , -   , -   , -   ," 4,771 "," 3,112 ", -   , -   , -   , 937 , -   , 2 , -   , -   , 7 , -   , -   , -   , 6 , -   , 15 , 485 , -   ," 1,150 ", -   , -   ," 3,211 ", -   ," 7,459 ", -   , 1 , 11 ," 21,193 "
Small Private Vessels, 27 , 482 , 640 ," 1,149 ", 662 ," 1,811 ",,,,Small Private Vessels, 17 , -   , 29 , 25 , -   , 19 , 5 , 55 , -   , 83 , 96 , 41 , 48 , 32 , 40 , -   , 19 , 85 , 36 , 16 , 17 , 52 , 7 , 3 , -   , 44 , -   , 223 , 21 , -   , 81 , 26 , 18 , 672 ," 1,811 "
Road Transport," 187,320 "," 2,106,287 "," 4,145,576 "," 6,439,184 "," 3,230,351 "," 9,669,534 ",,,,Road Transport," 136,729 "," 383,466 "," 212,121 "," 196,262 "," 263,689 "," 135,404 "," 37,706 "," 219,247 "," 238,804 "," 273,199 "," 404,961 "," 234,258 "," 114,896 "," 111,143 "," 128,331 "," 142,422 "," 406,780 "," 404,873 "," 293,827 "," 90,223 "," 115,219 "," 142,182 "," 156,162 "," 143,421 "," 137,437 "," 185,214 "," 242,689 "," 139,568 "," 144,819 "," 109,669 "," 160,297 "," 167,686 "," 165,459 "," 3,231,370 "," 9,669,534 "
Car - Diesel," 14,599 "," 382,160 "," 928,699 "," 1,325,459 "," 684,409 "," 2,009,868 ",,,,Car - Diesel," 27,344 "," 84,732 "," 47,655 "," 41,291 "," 66,534 "," 20,299 "," 2,448 "," 24,310 "," 56,947 "," 58,376 "," 83,738 "," 48,099 "," 18,992 "," 20,983 "," 26,172 "," 36,585 "," 81,229 "," 91,430 "," 64,320 "," 13,035 "," 18,340 "," 35,292 "," 25,930 "," 28,593 "," 31,039 "," 35,229 "," 55,587 "," 33,445 "," 23,512 "," 27,848 "," 26,916 "," 36,119 "," 32,839 "," 684,659 "," 2,009,868 "
Car - Electric, -   , -   , -   , -   , -   , -   ,,,,Car - Electric, -   , -   , -   , -   , -   , -   , -   , -   , -   , -   , -   , -   , -   , -   , -   , -   , -   , -   , -   , -   , -   , -   , -   , -   , -   , -   , -   , -   , -   , -   , -   , -   , -   , -   , -   
Car - Petrol," 18,638 "," 561,392 "," 1,375,817 "," 1,955,848 "," 818,645 "," 2,774,493 ",,,,Car - Petrol," 41,660 "," 128,499 "," 72,515 "," 61,769 "," 99,523 "," 30,035 "," 3,202 "," 35,048 "," 85,607 "," 89,207 "," 112,588 "," 71,855 "," 27,972 "," 30,928 "," 37,504 "," 55,190 "," 108,444 "," 133,462 "," 98,509 "," 18,885 "," 27,389 "," 53,879 "," 38,129 "," 42,203 "," 47,271 "," 51,718 "," 84,701 "," 50,037 "," 33,919 "," 41,691 "," 39,370 "," 53,413 "," 49,336 "," 819,034 "," 2,774,493 "
HGV - Articulated," 2,076 "," 79,780 "," 325,616 "," 407,471 "," 756,540 "," 1,164,012 ",,,,HGV - Articulated," 10,437 "," 21,045 "," 12,489 "," 10,267 "," 9,152 "," 3,297 ", 506 ," 4,195 "," 9,789 "," 14,170 "," 70,680 "," 10,882 "," 3,703 "," 3,629 "," 3,442 "," 4,887 "," 78,557 "," 34,038 "," 15,863 "," 2,481 "," 3,129 "," 5,247 "," 5,686 "," 5,839 "," 6,202 "," 10,489 "," 13,211 "," 5,296 "," 3,885 "," 2,768 "," 7,575 "," 7,059 "," 7,491 "," 756,628 "," 1,164,012 "
HGV - Rigid," 18,286 "," 225,595 "," 360,915 "," 604,796 "," 278,261 "," 883,057 ",,,,HGV - Rigid," 17,018 "," 35,782 "," 20,640 "," 20,485 "," 17,400 "," 13,318 "," 4,219 "," 16,940 "," 18,051 "," 28,094 "," 34,974 "," 24,674 "," 12,099 "," 11,425 "," 12,058 "," 8,645 "," 40,842 "," 37,355 "," 26,412 "," 8,531 "," 9,975 "," 9,086 "," 15,300 "," 14,790 "," 12,007 "," 25,516 "," 22,663 "," 10,307 "," 13,376 "," 6,986 "," 23,148 "," 16,376 "," 16,245 "," 278,318 "," 883,057 "
LGV - Diesel," 26,307 "," 313,958 "," 568,290 "," 908,555 "," 519,649 "," 1,428,203 ",,,,LGV - Diesel," 18,677 "," 57,290 "," 30,026 "," 26,946 "," 35,665 "," 20,699 "," 5,353 "," 29,075 "," 32,343 "," 40,103 "," 60,421 "," 34,583 "," 18,162 "," 15,058 "," 18,395 "," 17,121 "," 58,591 "," 52,499 "," 37,601 "," 14,868 "," 16,628 "," 19,524 "," 23,013 "," 19,829 "," 18,362 "," 25,779 "," 33,137 "," 17,326 "," 23,339 "," 13,132 "," 25,696 "," 24,628 "," 24,531 "," 519,802 "," 1,428,203 "
LGV - Electric, -   , -   , -   , -   , -   , -   ,,,,LGV - Electric, -   , -   , -   , -   , -   , -   , -   , -   , -   , -   , -   , -   , -   , -   , -   , -   , -   , -   , -   , -   , -   , -   , -   , -   , -   , -   , -   , -   , -   , -   , -   , -   , -   , -   , -   
LGV - Petrol, 437 ," 4,247 "," 5,551 "," 10,235 "," 5,569 "," 15,804 ",,,,LGV - Petrol, 177 , 549 , 282 , 299 , 345 , 303 , 89 , 432 , 319 , 435 , 652 , 398 , 256 , 210 , 258 , 166 , 600 , 512 , 374 , 216 , 233 , 186 , 297 , 241 , 181 , 327 , 331 , 179 , 332 , 130 , 356 , 294 , 275 ," 5,571 "," 15,804 "
Motorcycle," 6,491 "," 31,632 "," 27,080 "," 65,203 "," 10,717 "," 75,920 ",,,,Motorcycle, 902 ," 3,087 "," 1,516 "," 1,855 "," 1,911 "," 2,649 "," 1,208 "," 4,885 "," 1,672 "," 2,424 "," 2,252 "," 2,586 "," 1,755 "," 1,802 "," 2,045 ", 986 ," 2,048 "," 2,454 "," 2,275 "," 1,669 "," 1,882 "," 1,100 "," 2,240 "," 1,680 ", 937 ," 2,628 "," 1,979 "," 1,107 "," 2,549 ", 771 ," 2,564 "," 2,089 "," 1,690 "," 10,722 "," 75,920 "
Non-TfL Bus / Coach," 21,927 "," 156,571 "," 198,863 "," 377,361 "," 81,207 "," 458,568 ",,,,Non-TfL Bus / Coach," 6,632 "," 21,352 "," 10,581 "," 10,950 "," 11,832 "," 11,693 "," 5,843 "," 24,522 "," 10,561 "," 14,710 "," 14,354 "," 14,048 "," 10,071 "," 9,421 "," 8,512 "," 6,773 "," 12,585 "," 22,118 "," 19,123 "," 7,589 "," 10,950 "," 5,709 "," 13,786 "," 10,317 "," 8,340 "," 9,305 "," 10,447 "," 7,882 "," 12,998 "," 5,627 "," 9,913 "," 8,238 "," 10,550 "," 81,238 "," 458,568 "
PHV - Diesel," 6,813 "," 30,682 "," 36,778 "," 74,273 "," 25,969 "," 100,241 ",,,,PHV - Diesel," 1,074 "," 2,808 "," 1,526 "," 1,778 "," 1,845 "," 3,593 "," 1,118 "," 6,520 "," 1,910 "," 2,424 "," 3,043 "," 1,715 "," 1,674 "," 1,649 "," 1,295 "," 1,299 "," 2,482 "," 5,817 "," 4,632 "," 2,037 "," 2,780 "," 1,256 "," 2,703 "," 1,345 "," 1,152 "," 1,830 "," 2,115 "," 1,139 "," 2,728 ", 770 ," 2,639 "," 1,467 "," 2,098 "," 25,979 "," 100,241 "
PHV - Electric, -   , -   , -   , -   , -   , -   ,,,,PHV - Electric, -   , -   , -   , -   , -   , -   , -   , -   , -   , -   , -   , -   , -   , -   , -   , -   , -   , -   , -   , -   , -   , -   , -   , -   , -   , -   , -   , -   , -   , -   , -   , -   , -   , -   , -   
PHV - Petrol," 10,098 "," 42,674 "," 40,879 "," 93,651 "," 35,078 "," 128,729 ",,,,PHV - Petrol," 1,138 "," 3,302 "," 1,678 "," 2,108 "," 1,850 "," 5,216 "," 1,679 "," 9,395 "," 1,894 "," 2,832 "," 3,685 "," 2,126 "," 2,355 "," 2,373 "," 1,732 "," 1,322 "," 2,920 "," 7,023 "," 5,526 "," 2,858 "," 3,993 "," 1,406 "," 3,544 "," 1,610 "," 1,186 "," 2,540 "," 2,489 "," 1,191 "," 3,749 ", 759 ," 3,749 "," 1,947 "," 2,463 "," 35,093 "," 128,729 "
Taxi," 36,592 "," 79,554 "," 39,404 "," 155,550 "," 6,782 "," 162,332 ",,,,Taxi," 1,676 "," 3,417 "," 1,670 "," 1,624 "," 1,962 "," 11,895 "," 7,551 "," 39,374 "," 2,077 "," 2,366 "," 3,371 "," 2,899 "," 3,511 "," 3,727 "," 2,232 "," 1,069 "," 2,788 "," 3,824 "," 6,092 "," 6,002 "," 9,757 "," 1,516 "," 5,010 "," 2,106 "," 1,432 "," 3,855 "," 3,218 "," 1,338 "," 5,450 ", 876 ," 6,311 "," 2,591 "," 2,958 "," 6,787 "," 162,332 "
TfL Bus," 25,055 "," 198,043 "," 237,684 "," 460,782 "," 7,524 "," 468,307 ",,,,TfL Bus," 9,993 "," 21,603 "," 11,544 "," 16,890 "," 15,670 "," 12,406 "," 4,492 "," 24,551 "," 17,633 "," 18,057 "," 15,204 "," 20,393 "," 14,346 "," 9,940 "," 14,686 "," 8,380 "," 15,696 "," 14,342 "," 13,099 "," 12,051 "," 10,162 "," 7,979 "," 20,524 "," 14,869 "," 9,329 "," 15,997 "," 12,812 "," 10,321 "," 18,981 "," 8,310 "," 12,061 "," 13,465 "," 14,982 "," 7,539 "," 468,307 "
LAEI (Grand Total)," 1,194,557 "," 7,937,648 "," 14,387,869 "," 23,520,074 "," 5,544,270 "," 29,064,344 ",,,,Grand Total," 403,002 "," 996,594 "," 1,435,925 "," 696,662 "," 804,168 "," 714,103 "," 222,302 "," 1,020,321 "," 805,460 "," 822,635 "," 1,657,051 "," 626,183 "," 419,137 "," 442,384 "," 480,291 "," 511,929 "," 770,761 "," 1,819,010 "," 799,401 "," 433,955 "," 482,201 "," 394,821 "," 617,377 "," 878,010 "," 443,608 "," 760,494 "," 617,456 "," 503,207 "," 596,439 "," 662,032 "," 545,213 "," 499,471 "," 635,090 "," 5,547,652 "," 29,064,344 "
